{
  "eval_mode": "single-sequence",
  "operating_threshold": 0.25,
  "models": {
    "YOLOv11": {
      "per_sequence": [
        {
          "sequence": "MOT17-02-FRCNN",
          "mAP_50_95": 0.6718806653805665,
          "mAP_50": 0.869362618299183,
          "mAP_75": 0.7545002583525707,
          "precision": 0.8945147679324894,
          "recall": 0.880229958479719,
          "f1": 0.8873148744365744
        }
      ],
      "aggregate": {
        "mAP_50_95": {
          "mean": 0.6718806653805665,
          "std": 0.0,
          "min": 0.6718806653805665,
          "max": 0.6718806653805665
        },
        "mAP_50": {
          "mean": 0.869362618299183,
          "std": 0.0,
          "min": 0.869362618299183,
          "max": 0.869362618299183
        },
        "mAP_75": {
          "mean": 0.7545002583525707,
          "std": 0.0,
          "min": 0.7545002583525707,
          "max": 0.7545002583525707
        },
        "precision": {
          "mean": 0.8945147679324894,
          "std": 0.0,
          "min": 0.8945147679324894,
          "max": 0.8945147679324894
        },
        "recall": {
          "mean": 0.880229958479719,
          "std": 0.0,
          "min": 0.880229958479719,
          "max": 0.880229958479719
        },
        "f1": {
          "mean": 0.8873148744365744,
          "std": 0.0,
          "min": 0.8873148744365744,
          "max": 0.8873148744365744
        }
      }
    },
    "DETR": {
      "per_sequence": [
        {
          "sequence": "MOT17-02-FRCNN",
          "mAP_50_95": 0.3176431172501807,
          "mAP_50": 0.5863308273038497,
          "mAP_75": 0.30867629474495567,
          "precision": 0.48865791669827785,
          "recall": 0.6857234110507825,
          "f1": 0.570656507486489
        }
      ],
      "aggregate": {
        "mAP_50_95": {
          "mean": 0.3176431172501807,
          "std": 0.0,
          "min": 0.3176431172501807,
          "max": 0.3176431172501807
        },
        "mAP_50": {
          "mean": 0.5863308273038497,
          "std": 0.0,
          "min": 0.5863308273038497,
          "max": 0.5863308273038497
        },
        "mAP_75": {
          "mean": 0.30867629474495567,
          "std": 0.0,
          "min": 0.30867629474495567,
          "max": 0.30867629474495567
        },
        "precision": {
          "mean": 0.48865791669827785,
          "std": 0.0,
          "min": 0.48865791669827785,
          "max": 0.48865791669827785
        },
        "recall": {
          "mean": 0.6857234110507825,
          "std": 0.0,
          "min": 0.6857234110507825,
          "max": 0.6857234110507825
        },
        "f1": {
          "mean": 0.570656507486489,
          "std": 0.0,
          "min": 0.570656507486489,
          "max": 0.570656507486489
        }
      }
    }
  }
}