model,mAP_50_95,mAP_50,mAP_75
YOLOv11,0.0,0.0,0.0
DETR,8.883569325819805e-06,3.78235143855433e-05,1.0484449726277228e-06
